buildapcsales|f7l2ut|2020-02-21 17:05:11|GPU|EVGA GeForce RTX 2060 Super SC Black Gaming -|349.00 (409.99|https://www.amazon.com/EVGA-GeForce-Super-Gaming-08G-P4-3062-KR/dp/B083GGXYWM/ref=sr_1_2?keywords=2060+Super&qid=1582333370&s=electronics&sr=1-2
buildapcsales|f7l2ut|2020-02-21 17:05:11|GPU|EVGA GeForce RTX 2060 Super SC Black Gaming -|349.00 (409.99|https://www.amazon.com/EVGA-GeForce-Super-Gaming-08G-P4-3062-KR/dp/B083GGXYWM/ref=sr_1_2?keywords=2060+Super&qid=1582333370&s=electronics&sr=1-2
buildapcsales|f7l2ut|2020-02-21 17:05:11|GPU|EVGA GeForce RTX 2060 Super SC Black Gaming -|349.00 (409.99|https://www.amazon.com/EVGA-GeForce-Super-Gaming-08G-P4-3062-KR/dp/B083GGXYWM/ref=sr_1_2?keywords=2060+Super&qid=1582333370&s=electronics&sr=1-2
buildapcsales|f7l2ut|2020-02-21 17:05:11|GPU|EVGA GeForce RTX 2060 Super SC Black Gaming -|349.00 (409.99|https://www.amazon.com/EVGA-GeForce-Super-Gaming-08G-P4-3062-KR/dp/B083GGXYWM/ref=sr_1_2?keywords=2060+Super&qid=1582333370&s=electronics&sr=1-2
buildapcsales|f7l2ut|2020-02-21 17:05:11|GPU|EVGA GeForce RTX 2060 Super SC Black Gaming -|349.00 (409.99|https://www.amazon.com/EVGA-GeForce-Super-Gaming-08G-P4-3062-KR/dp/B083GGXYWM/ref=sr_1_2?keywords=2060+Super&qid=1582333370&s=electronics&sr=1-2
buildapcsales|f7l2ut|2020-02-21 17:05:11|GPU|EVGA GeForce RTX 2060 Super SC Black Gaming -|349.00|https://www.amazon.com/EVGA-GeForce-Super-Gaming-08G-P4-3062-KR/dp/B083GGXYWM/ref=sr_1_2?keywords=2060+Super&qid=1582333370&s=electronics&sr=1-2
buildapcsales|f7l2ut|2020-02-21 17:05:11|GPU|EVGA GeForce RTX 2060 Super SC Black Gaming -|349.00|https://www.amazon.com/EVGA-GeForce-Super-Gaming-08G-P4-3062-KR/dp/B083GGXYWM/ref=sr_1_2?keywords=2060+Super&qid=1582333370&s=electronics&sr=1-2
buildapcsales|f8fccn|2020-02-23 12:31:07|CPU Cooler|Cooler Master MasterLiquid ML240R (129.99-42.00=87.99)||https://www.amazon.com/dp/B079K244KZ/ref=cm_sw_r_cp_api_i_VaUuEb4SN8DX4
buildapcsales|f8eq6y|2020-02-23 11:51:21|Mouse|Corsair Harpoon RGB 6,000 DPI|17.99|https://www.bestbuy.com/site/corsair-harpoon-wired-rgb-usb-optical-gaming-mouse-black/5707080.p?skuId=5707080
buildapcsales|f8d7s4|2020-02-23 10:11:40|Case|Cooler Master MasterBox MB311L ARGB Airflow mATX Tower w/Fine Mesh Front Panel, Mesh Side Intakes, Tempered Glass Side Panel & 2 ARGB Fans (|59.99|https://www.amazon.com/Cooler-Master-MasterBox-Airflow-Tempered/dp/B0842TKK19/ref=sr_1_1?keywords=Cooler+Master+MasterBox+MB311L+ARGB+Airflow+mATX+Tower+w%2FFine+Mesh+Front+Panel%2C+Mesh+Side+Intakes%2C+Tempered+Glass+Side+Panel+%26+2+ARGB+Fans&qid=1582481469&sr=8-1
buildapcsales|f90b71|2020-02-24 15:21:42|GPU|-|404.99|https://store.zotac.com/zotac-gaming-geforce-rtx-2070-super-twin-fan-zt-t20710f-10p-o
buildapcsales|f8wqwh|2020-02-24 11:38:22|RAM|Corsair Vengeance LPX 16GB (2x8GB) DDR4 DRAM 2400MHz C16 Desktop Memory Kit (CMK16GX4M2A2400C16) -|49.90|https://www.amazon.com/gp/product/B017NW5NZY/
buildapcsales|f8vdkr|2020-02-24 10:12:39|Mouse|Razer Mamba Wireless, Amazon -|43.02|https://www.amazon.com/dp/B07GBYYSMF/ref=cm_sw_r_tw_dp_U_x_XebvEb9DD5KGW
buildapcsales|f8rs7e|2020-02-24 06:14:12|Case|Fractal Design Meshify C ATX Mid Tower (Non-TG) -|74.99|https://www.newegg.com/black-fractal-design-meshify-c-atx-mid-tower/p/N82E16811352085
buildapcsales|f8ra34|2020-02-24 05:34:18|HDD|WD Easystore 8TB External USB Hard Drive @ BestBuy -|129.99|https://www.bestbuy.com/site/wd-easystore-8tb-external-usb-3-0-hard-drive-black/5792401.p?skuId=5792401
buildapcsales|f8tikj|2020-02-24 08:15:09|PSU|EVGA 600 GD, 80+ GOLD 600W, 5 Year Warranty -|59.99|https://www.evga.com/products/product.aspx?pn=100-GD-0600-V1
buildapcsales|f8xxc2|2020-02-24 12:51:56|Mouse|Logitech G903 LIGHTSPEED Wireless -|85 (MSRP $149.99|https://www.amazon.com/Logitech-LIGHTSPEED-POWERPLAY-Wireless-Compatibility/dp/B0716ZFWWV/ref=sr_1_3?keywords=g903&qid=1582577419&sr=8-3
buildapcsales|f910v8|2020-02-24 16:10:57|SSD|Samsung - Geek Squad Certified Refurbished 860 EVO 500GB +|25|http://www.bestbuy.com/site/samsung-geek-squad-certified-refurbished-860-evo-500gb-internal-sata-solid-state-drive/6252151.p?skuId=6252151
buildapcsales|f905yy|2020-02-24 15:12:17|Monitor|"Acer Nitro 23.8"" 75Hz 1080p IPS Panel 1ms GtG response. FreeSync -"|109.99|https://www.newegg.com/black-acer-nitro-vg240y-bmiix-um-qv0aa-002-23-8/p/N82E16824011232?Item=N82E16824011232&cm_sp=homepage_dailydeals-_-p2_24-011-232-_-02242020&quicklink=true
buildapcsales|f8tp01|2020-02-24 08:27:14|USB C Hub|12 Port with triple display support -|61.19|https://smile.amazon.com/Tiergrade-Display-Adapter-DisplayPort-Ethernet/dp/B07X1J7R34/
buildapcsales|f8zy29|2020-02-24 14:58:22|Monitor|"MSI 27"" 165Hz 1440p VA Panel-"|309.99|https://www.amazon.com/MSI-Non-Glare-Adjustment-Optix-MAG272QR/dp/B082QKFJB2/ref=gbps_tit_s-5_0f49_c09ff153?smid=ATVPDKIKX0DER&pf_rd_p=56beed47-26cb-401c-95f5-738a157f0f49&pf_rd_s=slot-5&pf_rd_t=701&pf_rd_i=gb_main&pf_rd_m=ATVPDKIKX0DER&pf_rd_r=8M37PK1XGH1XVF38QNV5
